<?xml version="1.0" encoding="UTF-8"?>
<project-private xmlns="http://www.netbeans.org/ns/project-private/1">
    <editor-bookmarks xmlns="http://www.netbeans.org/ns/editor-bookmarks/2" lastBookmarkId="0"/>
    <open-files xmlns="http://www.netbeans.org/ns/projectui-open-files/2">
        <group>
            <file>file:/D:/ProgramacionOrientadaObjetos2020-1-master/ProgramacionOrientadaObjetos2020-1-master/src/poo/SucioDan.java</file>
            <file>file:/D:/ProgramacionOrientadaObjetos2020-1-master/ProgramacionOrientadaObjetos2020-1-master/src/poo/StanLee.java</file>
            <file>file:/D:/ProgramacionOrientadaObjetos2020-1-master/ProgramacionOrientadaObjetos2020-1-master/src/poo/Monitor.java</file>
            <file>file:/D:/ProgramacionOrientadaObjetos2020-1-master/ProgramacionOrientadaObjetos2020-1-master/src/poo/Pikachu.java</file>
            <file>file:/D:/ProgramacionOrientadaObjetos2020-1-master/ProgramacionOrientadaObjetos2020-1-master/src/poo/Mano.java</file>
            <file>file:/D:/ProgramacionOrientadaObjetos2020-1-master/ProgramacionOrientadaObjetos2020-1-master/src/poo/Llave.java</file>
            <file>file:/D:/ProgramacionOrientadaObjetos2020-1-master/ProgramacionOrientadaObjetos2020-1-master/src/poo/TarjetaDeVideo.java</file>
            <file>file:/D:/ProgramacionOrientadaObjetos2020-1-master/ProgramacionOrientadaObjetos2020-1-master/src/poo/Mouse.java</file>
            <file>file:/D:/ProgramacionOrientadaObjetos2020-1-master/ProgramacionOrientadaObjetos2020-1-master/src/poo/Gabinete.java</file>
            <file>file:/D:/ProgramacionOrientadaObjetos2020-1-master/ProgramacionOrientadaObjetos2020-1-master/src/poo/Persona.java</file>
            <file>file:/D:/ProgramacionOrientadaObjetos2020-1-master/ProgramacionOrientadaObjetos2020-1-master/src/poo/Llavero.java</file>
            <file>file:/D:/ProgramacionOrientadaObjetos2020-1-master/ProgramacionOrientadaObjetos2020-1-master/src/poo/Pizarron.java</file>
            <file>file:/D:/ProgramacionOrientadaObjetos2020-1-master/ProgramacionOrientadaObjetos2020-1-master/src/poo/XiaomiMia2.java</file>
            <file>file:/D:/ProgramacionOrientadaObjetos2020-1-master/ProgramacionOrientadaObjetos2020-1-master/src/poo/Gorra.java</file>
            <file>file:/D:/ProgramacionOrientadaObjetos2020-1-master/ProgramacionOrientadaObjetos2020-1-master/src/poo/Teclado.java</file>
            <file>file:/D:/ProgramacionOrientadaObjetos2020-1-master/ProgramacionOrientadaObjetos2020-1-master/src/programacionorientadaobjetos2020/pkg1/ProgramacionOrientadaObjetos20201.java</file>
            <file>file:/D:/ProgramacionOrientadaObjetos2020-1-master/ProgramacionOrientadaObjetos2020-1-master/src/poo/NissanSentra.java</file>
            <file>file:/D:/ProgramacionOrientadaObjetos2020-1-master/ProgramacionOrientadaObjetos2020-1-master/src/poo/FordFiesta2009.java</file>
            <file>file:/D:/ProgramacionOrientadaObjetos2020-1-master/ProgramacionOrientadaObjetos2020-1-master/src/poo/Cargador.java</file>
            <file>file:/D:/ProgramacionOrientadaObjetos2020-1-master/ProgramacionOrientadaObjetos2020-1-master/src/poo/Pluma.java</file>
            <file>file:/D:/ProgramacionOrientadaObjetos2020-1-master/ProgramacionOrientadaObjetos2020-1-master/src/poo/Pantalon.java</file>
        </group>
    </open-files>
</project-private>
